English Name,Slug,Collection ID,Locale ID,Item ID,Archived,Draft,Created On,Updated On,Published On,Pali,Sanskrit,Synonyms
Altruistic Aspiration For Awakening,altruistic-aspiration-for-awakening,66634eed9601e559555f45f7,653aca94fee370592ef53f08,6663591b1de0aeba878cf10d,false,false,Fri Jun 07 2024 19:01:47 GMT+0000 (Coordinated Universal Time),Fri Jun 07 2024 19:01:47 GMT+0000 (Coordinated Universal Time),Fri Jun 07 2024 19:02:39 GMT+0000 (Coordinated Universal Time),Bodhicitta,Bodhicitta,
Appreciative Joy,appreciative-joy,66634eed9601e559555f45f7,653aca94fee370592ef53f08,6663591e5c82492024e3ae34,false,false,Fri Jun 07 2024 19:01:50 GMT+0000 (Coordinated Universal Time),Fri Jun 07 2024 19:01:50 GMT+0000 (Coordinated Universal Time),Fri Jun 07 2024 19:02:39 GMT+0000 (Coordinated Universal Time),Muditā,Muditā,
Arising / Passing Away,arising-passing-away,66634eed9601e559555f45f7,653aca94fee370592ef53f08,666359278af5cfe8cc2c2546,false,false,Fri Jun 07 2024 19:01:59 GMT+0000 (Coordinated Universal Time),Fri Jun 07 2024 19:01:59 GMT+0000 (Coordinated Universal Time),Fri Jun 07 2024 19:02:39 GMT+0000 (Coordinated Universal Time),Samudaya / Vaya,Samudaya / Vyaya,
Attention,attention,66634eed9601e559555f45f7,653aca94fee370592ef53f08,6663592391daa80855ec063f,false,false,Fri Jun 07 2024 19:01:55 GMT+0000 (Coordinated Universal Time),Fri Jun 07 2024 19:01:55 GMT+0000 (Coordinated Universal Time),Fri Jun 07 2024 19:02:39 GMT+0000 (Coordinated Universal Time),Manasikāra,Manasikāra,
Avarice,avarice,66634eed9601e559555f45f7,653aca94fee370592ef53f08,666359221a473129973f5f2c,false,false,Fri Jun 07 2024 19:01:54 GMT+0000 (Coordinated Universal Time),Fri Jun 07 2024 19:01:54 GMT+0000 (Coordinated Universal Time),Fri Jun 07 2024 19:02:39 GMT+0000 (Coordinated Universal Time),Macchariya,Mātsarya,
Aversion / Hatred,aversion-hatred,66634eed9601e559555f45f7,653aca94fee370592ef53f08,6663592296f80f697ddbc454,false,false,Fri Jun 07 2024 19:01:54 GMT+0000 (Coordinated Universal Time),Fri Jun 07 2024 19:01:54 GMT+0000 (Coordinated Universal Time),Fri Jun 07 2024 19:02:39 GMT+0000 (Coordinated Universal Time),Dosa,Dveṣa,
Bare Knowledge + Continuous Mindfulness,bare-knowledge-continuous-mindfulness,66634eed9601e559555f45f7,653aca94fee370592ef53f08,666359284a9e25f8d52703cf,false,false,Fri Jun 07 2024 19:02:00 GMT+0000 (Coordinated Universal Time),Fri Jun 07 2024 19:02:00 GMT+0000 (Coordinated Universal Time),Fri Jun 07 2024 19:02:39 GMT+0000 (Coordinated Universal Time),Ñāṇamattāya Paṭissatimattāya,Jñānamātraḥ Smṛtimātraḥ,
Becoming / Existence,becoming-existence,66634eed9601e559555f45f7,653aca94fee370592ef53f08,66635923bdf04ada700abb52,false,false,Fri Jun 07 2024 19:01:55 GMT+0000 (Coordinated Universal Time),Fri Jun 07 2024 19:01:55 GMT+0000 (Coordinated Universal Time),Fri Jun 07 2024 19:02:39 GMT+0000 (Coordinated Universal Time),Bhava,Bhava,
Birth,birth,66634eed9601e559555f45f7,653aca94fee370592ef53f08,66635923d29a9c2efae9ad38,false,false,Fri Jun 07 2024 19:01:55 GMT+0000 (Coordinated Universal Time),Fri Jun 07 2024 19:01:55 GMT+0000 (Coordinated Universal Time),Fri Jun 07 2024 19:02:39 GMT+0000 (Coordinated Universal Time),Jāti,Jāti,
Bodhisattva Vows,bodhisattva-vows,66634eed9601e559555f45f7,653aca94fee370592ef53f08,6663591bb2d3d56a1d06a851,false,false,Fri Jun 07 2024 19:01:47 GMT+0000 (Coordinated Universal Time),Fri Jun 07 2024 19:01:47 GMT+0000 (Coordinated Universal Time),Fri Jun 07 2024 19:02:39 GMT+0000 (Coordinated Universal Time),Bodhisattva Paṇidhāna,Bodhisattva Praṇidhāna,
Body,body,66634eed9601e559555f45f7,653aca94fee370592ef53f08,666359239bbc032d8071e589,false,false,Fri Jun 07 2024 19:01:55 GMT+0000 (Coordinated Universal Time),Fri Jun 07 2024 19:01:55 GMT+0000 (Coordinated Universal Time),Fri Jun 07 2024 19:02:39 GMT+0000 (Coordinated Universal Time),Kāya,Kāya,
Buddha Nature,buddha-nature,66634eed9601e559555f45f7,653aca94fee370592ef53f08,6663591c572977e54b01aff8,false,false,Fri Jun 07 2024 19:01:48 GMT+0000 (Coordinated Universal Time),Fri Jun 07 2024 19:01:48 GMT+0000 (Coordinated Universal Time),Fri Jun 07 2024 19:02:39 GMT+0000 (Coordinated Universal Time),Buddha-dhātu,Buddha-dhātu,
Clearly Knowing,clearly-knowing,66634eed9601e559555f45f7,653aca94fee370592ef53f08,66635927751a4a6360c00282,false,false,Fri Jun 07 2024 19:01:59 GMT+0000 (Coordinated Universal Time),Fri Jun 07 2024 19:01:59 GMT+0000 (Coordinated Universal Time),Fri Jun 07 2024 19:02:39 GMT+0000 (Coordinated Universal Time),Sampajañña,Samprajanya,
Clinging,clinging,66634eed9601e559555f45f7,653aca94fee370592ef53f08,66635924b5dba977bd12c50c,false,false,Fri Jun 07 2024 19:01:56 GMT+0000 (Coordinated Universal Time),Fri Jun 07 2024 19:01:56 GMT+0000 (Coordinated Universal Time),Fri Jun 07 2024 19:02:39 GMT+0000 (Coordinated Universal Time),Upādāna,Upādāna,
Compassion,compassion,66634eed9601e559555f45f7,653aca94fee370592ef53f08,6663591ef6182cf6f2a1c573,false,false,Fri Jun 07 2024 19:01:50 GMT+0000 (Coordinated Universal Time),Fri Jun 07 2024 19:01:50 GMT+0000 (Coordinated Universal Time),Fri Jun 07 2024 19:02:39 GMT+0000 (Coordinated Universal Time),Karuṇā,Karuṇā,
Conceit,conceit,66634eed9601e559555f45f7,653aca94fee370592ef53f08,66635922ddb0384d2a46f827,false,false,Fri Jun 07 2024 19:01:54 GMT+0000 (Coordinated Universal Time),Fri Jun 07 2024 19:01:54 GMT+0000 (Coordinated Universal Time),Fri Jun 07 2024 19:02:39 GMT+0000 (Coordinated Universal Time),Māna,Māna,
Concentration,concentration,66634eed9601e559555f45f7,653aca94fee370592ef53f08,6663591ed4cc68833046949c,false,false,Fri Jun 07 2024 19:01:50 GMT+0000 (Coordinated Universal Time),Fri Jun 07 2024 19:01:50 GMT+0000 (Coordinated Universal Time),Fri Jun 07 2024 19:02:39 GMT+0000 (Coordinated Universal Time),Samādhi,Samādhi,
Concentration,concentration-41d9e,66634eed9601e559555f45f7,653aca94fee370592ef53f08,6663592703c6ef3de28dff22,false,false,Fri Jun 07 2024 19:01:59 GMT+0000 (Coordinated Universal Time),Fri Jun 07 2024 19:01:59 GMT+0000 (Coordinated Universal Time),Fri Jun 07 2024 19:02:39 GMT+0000 (Coordinated Universal Time),Samādhi,Samādhi,
Conscience / Fear of Doing Wrong,conscience-fear-of-doing-wrong,66634eed9601e559555f45f7,653aca94fee370592ef53f08,6663591fd13cf172746cc862,false,false,Fri Jun 07 2024 19:01:51 GMT+0000 (Coordinated Universal Time),Fri Jun 07 2024 19:01:51 GMT+0000 (Coordinated Universal Time),Fri Jun 07 2024 19:02:39 GMT+0000 (Coordinated Universal Time),Ottappa,Ottāpa,
Consciousness,consciousness,66634eed9601e559555f45f7,653aca94fee370592ef53f08,66635923f1287bbcf4dace35,false,false,Fri Jun 07 2024 19:01:55 GMT+0000 (Coordinated Universal Time),Fri Jun 07 2024 19:01:55 GMT+0000 (Coordinated Universal Time),Fri Jun 07 2024 19:02:39 GMT+0000 (Coordinated Universal Time),Viññāṇa,Vijñāna,
Contact,contact,66634eed9601e559555f45f7,653aca94fee370592ef53f08,66635923455a7173a6c8015b,false,false,Fri Jun 07 2024 19:01:55 GMT+0000 (Coordinated Universal Time),Fri Jun 07 2024 19:01:55 GMT+0000 (Coordinated Universal Time),Fri Jun 07 2024 19:02:39 GMT+0000 (Coordinated Universal Time),Phassa,Sparśa,
Craving,craving,66634eed9601e559555f45f7,653aca94fee370592ef53f08,66635924c6606e830769bf34,false,false,Fri Jun 07 2024 19:01:56 GMT+0000 (Coordinated Universal Time),Fri Jun 07 2024 19:01:56 GMT+0000 (Coordinated Universal Time),Fri Jun 07 2024 19:02:39 GMT+0000 (Coordinated Universal Time),Taṇhā,Tṛṣṇā,
Decision,decision,66634eed9601e559555f45f7,653aca94fee370592ef53f08,666359248af5cfe8cc2c2304,false,false,Fri Jun 07 2024 19:01:56 GMT+0000 (Coordinated Universal Time),Fri Jun 07 2024 19:01:56 GMT+0000 (Coordinated Universal Time),Fri Jun 07 2024 19:02:39 GMT+0000 (Coordinated Universal Time),Adhimokkha,Adhimokṣa,
Delusion,delusion,66634eed9601e559555f45f7,653aca94fee370592ef53f08,66635921af424923a7677f2b,false,false,Fri Jun 07 2024 19:01:53 GMT+0000 (Coordinated Universal Time),Fri Jun 07 2024 19:01:53 GMT+0000 (Coordinated Universal Time),Fri Jun 07 2024 19:02:39 GMT+0000 (Coordinated Universal Time),Moha,Moha,
Dependent Nature,dependent-nature,66634eed9601e559555f45f7,653aca94fee370592ef53f08,66635924ecf1d4bffdb5cb32,false,false,Fri Jun 07 2024 19:01:56 GMT+0000 (Coordinated Universal Time),Fri Jun 07 2024 19:01:56 GMT+0000 (Coordinated Universal Time),Fri Jun 07 2024 19:02:39 GMT+0000 (Coordinated Universal Time),Paratantra-Sabhāva,Paratantra-Svabhāva,
Dependent Origination,dependent-origination,66634eed9601e559555f45f7,653aca94fee370592ef53f08,666359289fe35cfa5a647515,false,false,Fri Jun 07 2024 19:02:00 GMT+0000 (Coordinated Universal Time),Fri Jun 07 2024 19:02:00 GMT+0000 (Coordinated Universal Time),Fri Jun 07 2024 19:02:39 GMT+0000 (Coordinated Universal Time),Paṭicca-Samuppāda,Pratītya-Samutpāda,
Desire / Zeal,desire-zeal,66634eed9601e559555f45f7,653aca94fee370592ef53f08,6663591e96f80f697ddbc240,false,false,Fri Jun 07 2024 19:01:50 GMT+0000 (Coordinated Universal Time),Fri Jun 07 2024 19:01:50 GMT+0000 (Coordinated Universal Time),Fri Jun 07 2024 19:02:39 GMT+0000 (Coordinated Universal Time),Chanda,Chanda,
Dharma,dharma,66634eed9601e559555f45f7,653aca94fee370592ef53f08,6663591c5e7adafe9b31f209,false,false,Fri Jun 07 2024 19:01:48 GMT+0000 (Coordinated Universal Time),Fri Jun 07 2024 19:01:48 GMT+0000 (Coordinated Universal Time),Fri Jun 07 2024 19:02:39 GMT+0000 (Coordinated Universal Time),Dhamma,Dharma,
Dharma,dharma-d4982,66634eed9601e559555f45f7,653aca94fee370592ef53f08,66635924822c2931d3a8c925,false,false,Fri Jun 07 2024 19:01:56 GMT+0000 (Coordinated Universal Time),Fri Jun 07 2024 19:01:56 GMT+0000 (Coordinated Universal Time),Fri Jun 07 2024 19:02:39 GMT+0000 (Coordinated Universal Time),Dhamma,Dharma,
Diligent,diligent,66634eed9601e559555f45f7,653aca94fee370592ef53f08,6663592882a9d67c3b6cd9a8,false,false,Fri Jun 07 2024 19:02:00 GMT+0000 (Coordinated Universal Time),Fri Jun 07 2024 19:02:00 GMT+0000 (Coordinated Universal Time),Fri Jun 07 2024 19:02:39 GMT+0000 (Coordinated Universal Time),Ātāpī / Viriya,Ātāpī / Vīrya,
Discrimination,discrimination,66634eed9601e559555f45f7,653aca94fee370592ef53f08,6663591f822c2931d3a8c71c,false,false,Fri Jun 07 2024 19:01:51 GMT+0000 (Coordinated Universal Time),Fri Jun 07 2024 19:01:51 GMT+0000 (Coordinated Universal Time),Fri Jun 07 2024 19:02:39 GMT+0000 (Coordinated Universal Time),Vimamsa,Vimaṃsā,
Disenchantment,disenchantment,66634eed9601e559555f45f7,653aca94fee370592ef53f08,6663591f5e7adafe9b31f4b7,false,false,Fri Jun 07 2024 19:01:51 GMT+0000 (Coordinated Universal Time),Fri Jun 07 2024 19:01:51 GMT+0000 (Coordinated Universal Time),Fri Jun 07 2024 19:02:39 GMT+0000 (Coordinated Universal Time),Nibbida,Nirveda,
Doubt,doubt,66634eed9601e559555f45f7,653aca94fee370592ef53f08,66635923bdf04ada700abb1b,false,false,Fri Jun 07 2024 19:01:55 GMT+0000 (Coordinated Universal Time),Fri Jun 07 2024 19:01:55 GMT+0000 (Coordinated Universal Time),Fri Jun 07 2024 19:02:39 GMT+0000 (Coordinated Universal Time),Vicikicchā,Vicikitsā,
Dukkha,dukkha,66634eed9601e559555f45f7,653aca94fee370592ef53f08,666359292f4519ccb24a6d42,false,false,Fri Jun 07 2024 19:02:01 GMT+0000 (Coordinated Universal Time),Fri Jun 07 2024 19:02:01 GMT+0000 (Coordinated Universal Time),Fri Jun 07 2024 19:02:39 GMT+0000 (Coordinated Universal Time),Dukkha,Duḥkha,
Ego-Clinging,ego-clinging,66634eed9601e559555f45f7,653aca94fee370592ef53f08,66635924b2d3d56a1d06af66,false,false,Fri Jun 07 2024 19:01:56 GMT+0000 (Coordinated Universal Time),Fri Jun 07 2024 19:01:56 GMT+0000 (Coordinated Universal Time),Fri Jun 07 2024 19:02:39 GMT+0000 (Coordinated Universal Time),Māna,Māna,
Emancipation,emancipation,66634eed9601e559555f45f7,653aca94fee370592ef53f08,6663591f5e7adafe9b31f4ba,false,false,Fri Jun 07 2024 19:01:51 GMT+0000 (Coordinated Universal Time),Fri Jun 07 2024 19:01:51 GMT+0000 (Coordinated Universal Time),Fri Jun 07 2024 19:02:39 GMT+0000 (Coordinated Universal Time),Vimutti,Vimukti,
Emptiness,emptiness,66634eed9601e559555f45f7,653aca94fee370592ef53f08,666359297e9db8e9b6b2802b,false,false,Fri Jun 07 2024 19:02:01 GMT+0000 (Coordinated Universal Time),Fri Jun 07 2024 19:02:01 GMT+0000 (Coordinated Universal Time),Fri Jun 07 2024 19:02:39 GMT+0000 (Coordinated Universal Time),Suññatā,Śūnyatā,
Energy,energy,66634eed9601e559555f45f7,653aca94fee370592ef53f08,6663591f751a4a6360bffb0a,false,false,Fri Jun 07 2024 19:01:51 GMT+0000 (Coordinated Universal Time),Fri Jun 07 2024 19:01:51 GMT+0000 (Coordinated Universal Time),Fri Jun 07 2024 19:02:39 GMT+0000 (Coordinated Universal Time),Viriya,Vīrya,
Envy,envy,66634eed9601e559555f45f7,653aca94fee370592ef53f08,6663592229cdb02d28fbccff,false,false,Fri Jun 07 2024 19:01:54 GMT+0000 (Coordinated Universal Time),Fri Jun 07 2024 19:01:54 GMT+0000 (Coordinated Universal Time),Fri Jun 07 2024 19:02:39 GMT+0000 (Coordinated Universal Time),Issā,Īrṣyā,
Equanimity,equanimity,66634eed9601e559555f45f7,653aca94fee370592ef53f08,6663591fcb242dfbc81444c8,false,false,Fri Jun 07 2024 19:01:51 GMT+0000 (Coordinated Universal Time),Fri Jun 07 2024 19:01:51 GMT+0000 (Coordinated Universal Time),Fri Jun 07 2024 19:02:39 GMT+0000 (Coordinated Universal Time),Upekkhā,Upekṣā,
Faith,faith,66634eed9601e559555f45f7,653aca94fee370592ef53f08,6663591f1838cf5eb48367e3,false,false,Fri Jun 07 2024 19:01:51 GMT+0000 (Coordinated Universal Time),Fri Jun 07 2024 19:01:51 GMT+0000 (Coordinated Universal Time),Fri Jun 07 2024 19:02:39 GMT+0000 (Coordinated Universal Time),Saddhā,Śraddhā,
Fearless of Wrong Doing,fearless-of-wrong-doing,66634eed9601e559555f45f7,653aca94fee370592ef53f08,66635921a7a09d0fbb8a7b77,false,false,Fri Jun 07 2024 19:01:53 GMT+0000 (Coordinated Universal Time),Fri Jun 07 2024 19:01:53 GMT+0000 (Coordinated Universal Time),Fri Jun 07 2024 19:02:39 GMT+0000 (Coordinated Universal Time),Anottappa,Anapatrāpya,
Feeling,feeling,66634eed9601e559555f45f7,653aca94fee370592ef53f08,66635924576dc920b85558a4,false,false,Fri Jun 07 2024 19:01:56 GMT+0000 (Coordinated Universal Time),Fri Jun 07 2024 19:01:56 GMT+0000 (Coordinated Universal Time),Fri Jun 07 2024 19:02:39 GMT+0000 (Coordinated Universal Time),Vedanā,Vedanā,
Formations,formations,66634eed9601e559555f45f7,653aca94fee370592ef53f08,666359244d5e71fb9d1dfbb4,false,false,Fri Jun 07 2024 19:01:56 GMT+0000 (Coordinated Universal Time),Fri Jun 07 2024 19:01:56 GMT+0000 (Coordinated Universal Time),Fri Jun 07 2024 19:02:39 GMT+0000 (Coordinated Universal Time),Saṅkhāra,Saṃskāra,
Four Noble Truths,four-noble-truths,66634eed9601e559555f45f7,653aca94fee370592ef53f08,6663592996f80f697ddbc895,false,false,Fri Jun 07 2024 19:02:01 GMT+0000 (Coordinated Universal Time),Fri Jun 07 2024 19:02:01 GMT+0000 (Coordinated Universal Time),Fri Jun 07 2024 19:02:39 GMT+0000 (Coordinated Universal Time),Cattāri Ariyasaccāni,Catvāri Āryasatyāni,
Free from Desires and Discontent,free-from-desires-and-discontent,66634eed9601e559555f45f7,653aca94fee370592ef53f08,66635928ddb0384d2a4700bb,false,false,Fri Jun 07 2024 19:02:00 GMT+0000 (Coordinated Universal Time),Fri Jun 07 2024 19:02:00 GMT+0000 (Coordinated Universal Time),Fri Jun 07 2024 19:02:39 GMT+0000 (Coordinated Universal Time),Vineyya Abhijjhādomanassa,Vinīya Abhidhyādomanasya,
Generosity,generosity,66634eed9601e559555f45f7,653aca94fee370592ef53f08,6663591fdeb9df87d387b271,false,false,Fri Jun 07 2024 19:01:51 GMT+0000 (Coordinated Universal Time),Fri Jun 07 2024 19:01:51 GMT+0000 (Coordinated Universal Time),Fri Jun 07 2024 19:02:39 GMT+0000 (Coordinated Universal Time),Dāna,Dāna,
Goodwill / Integrity / Health,goodwill-integrity-health,66634eed9601e559555f45f7,653aca94fee370592ef53f08,6663591f82a9d67c3b6cd334,false,false,Fri Jun 07 2024 19:01:51 GMT+0000 (Coordinated Universal Time),Fri Jun 07 2024 19:01:51 GMT+0000 (Coordinated Universal Time),Fri Jun 07 2024 19:02:39 GMT+0000 (Coordinated Universal Time),Sīla,Śīla,
Great Action,great-action,66634eed9601e559555f45f7,653aca94fee370592ef53f08,6663591b572977e54b01afc2,false,false,Fri Jun 07 2024 19:01:47 GMT+0000 (Coordinated Universal Time),Fri Jun 07 2024 19:01:47 GMT+0000 (Coordinated Universal Time),Fri Jun 07 2024 19:02:39 GMT+0000 (Coordinated Universal Time),Mahā-Kamma,Mahā-Karma,
Great Compassion,great-compassion,66634eed9601e559555f45f7,653aca94fee370592ef53f08,6663591b2f4519ccb24a57ac,false,false,Fri Jun 07 2024 19:01:47 GMT+0000 (Coordinated Universal Time),Fri Jun 07 2024 19:01:47 GMT+0000 (Coordinated Universal Time),Fri Jun 07 2024 19:02:39 GMT+0000 (Coordinated Universal Time),Mahā-Karuṇā,Mahā-Karuṇā,
Great Wisdom,great-wisdom,66634eed9601e559555f45f7,653aca94fee370592ef53f08,6663591c89674147b4eeafd4,false,false,Fri Jun 07 2024 19:01:48 GMT+0000 (Coordinated Universal Time),Fri Jun 07 2024 19:01:48 GMT+0000 (Coordinated Universal Time),Fri Jun 07 2024 19:02:39 GMT+0000 (Coordinated Universal Time),Mahā-Paññā,Mahā-Prajñā,
Greed,greed,66634eed9601e559555f45f7,653aca94fee370592ef53f08,66635922724afca0a36e0724,false,false,Fri Jun 07 2024 19:01:54 GMT+0000 (Coordinated Universal Time),Fri Jun 07 2024 19:01:54 GMT+0000 (Coordinated Universal Time),Fri Jun 07 2024 19:02:39 GMT+0000 (Coordinated Universal Time),Lobha,Lobha,
Happiness,happiness,66634eed9601e559555f45f7,653aca94fee370592ef53f08,6663591f87dde5d01decd7b0,false,false,Fri Jun 07 2024 19:01:51 GMT+0000 (Coordinated Universal Time),Fri Jun 07 2024 19:01:51 GMT+0000 (Coordinated Universal Time),Fri Jun 07 2024 19:02:39 GMT+0000 (Coordinated Universal Time),Sukha,Sukha,
Imagined Nature,imagined-nature,66634eed9601e559555f45f7,653aca94fee370592ef53f08,666359254a9e25f8d52700f9,false,false,Fri Jun 07 2024 19:01:57 GMT+0000 (Coordinated Universal Time),Fri Jun 07 2024 19:01:57 GMT+0000 (Coordinated Universal Time),Fri Jun 07 2024 19:02:39 GMT+0000 (Coordinated Universal Time),Parikalpita-Sabhāva,Parikalpita-Svabhāva,
Impermanence,impermanence,66634eed9601e559555f45f7,653aca94fee370592ef53f08,6663592a5c82492024e3b686,false,false,Fri Jun 07 2024 19:02:02 GMT+0000 (Coordinated Universal Time),Fri Jun 07 2024 19:02:02 GMT+0000 (Coordinated Universal Time),Fri Jun 07 2024 19:02:39 GMT+0000 (Coordinated Universal Time),Anicca,Anitya,
"Independent, Without Clinging",independent-without-clinging,66634eed9601e559555f45f7,653aca94fee370592ef53f08,6663592896f80f697ddbc82f,false,false,Fri Jun 07 2024 19:02:00 GMT+0000 (Coordinated Universal Time),Fri Jun 07 2024 19:02:00 GMT+0000 (Coordinated Universal Time),Fri Jun 07 2024 19:02:39 GMT+0000 (Coordinated Universal Time),"Anissito Ca Viharati, Na Ca Kiñci Loke Upādiyati","Anāśritya Ca Viharati, Na Ca Kiñcid Loke Upādīyate",
Initial Thought,initial-thought,66634eed9601e559555f45f7,653aca94fee370592ef53f08,6663592503c6ef3de28dfc4b,false,false,Fri Jun 07 2024 19:01:57 GMT+0000 (Coordinated Universal Time),Fri Jun 07 2024 19:01:57 GMT+0000 (Coordinated Universal Time),Fri Jun 07 2024 19:02:39 GMT+0000 (Coordinated Universal Time),Vitakka,Vitarka,
Internal / External,internal-external,66634eed9601e559555f45f7,653aca94fee370592ef53f08,66635928cb242dfbc8144955,false,false,Fri Jun 07 2024 19:02:00 GMT+0000 (Coordinated Universal Time),Fri Jun 07 2024 19:02:00 GMT+0000 (Coordinated Universal Time),Fri Jun 07 2024 19:02:39 GMT+0000 (Coordinated Universal Time),Ajjhatta / Bahiddhā,Adhyātma / Bāhya,
Investigation,investigation,66634eed9601e559555f45f7,653aca94fee370592ef53f08,6663591f1838cf5eb483680e,false,false,Fri Jun 07 2024 19:01:51 GMT+0000 (Coordinated Universal Time),Fri Jun 07 2024 19:01:51 GMT+0000 (Coordinated Universal Time),Fri Jun 07 2024 19:02:39 GMT+0000 (Coordinated Universal Time),Vicaya,Vicaya,
Joy,joy,66634eed9601e559555f45f7,653aca94fee370592ef53f08,6663591fec50b3586e565b64,false,false,Fri Jun 07 2024 19:01:51 GMT+0000 (Coordinated Universal Time),Fri Jun 07 2024 19:01:51 GMT+0000 (Coordinated Universal Time),Fri Jun 07 2024 19:02:39 GMT+0000 (Coordinated Universal Time),Pīti,Prīti,
Karma,karma,66634eed9601e559555f45f7,653aca94fee370592ef53f08,6663592ae7f72f585a4acda4,false,false,Fri Jun 07 2024 19:02:02 GMT+0000 (Coordinated Universal Time),Fri Jun 07 2024 19:02:02 GMT+0000 (Coordinated Universal Time),Fri Jun 07 2024 19:02:39 GMT+0000 (Coordinated Universal Time),Kamma,Karma,
Letting Go / Renunciation,letting-go-renunciation,66634eed9601e559555f45f7,653aca94fee370592ef53f08,6663591f1de0aeba878cf2ce,false,false,Fri Jun 07 2024 19:01:51 GMT+0000 (Coordinated Universal Time),Fri Jun 07 2024 19:01:51 GMT+0000 (Coordinated Universal Time),Fri Jun 07 2024 19:02:39 GMT+0000 (Coordinated Universal Time),Nekkhamma,Naiṣkramya,
Liberation,liberation,66634eed9601e559555f45f7,653aca94fee370592ef53f08,6663591bec50b3586e565994,false,false,Fri Jun 07 2024 19:01:47 GMT+0000 (Coordinated Universal Time),Fri Jun 07 2024 19:01:47 GMT+0000 (Coordinated Universal Time),Fri Jun 07 2024 19:02:39 GMT+0000 (Coordinated Universal Time),Nibbāna,Nirvāṇa,
Life faculty of mind,life-faculty-of-mind,66634eed9601e559555f45f7,653aca94fee370592ef53f08,666359251e3bbb4ff00d7ba2,false,false,Fri Jun 07 2024 19:01:57 GMT+0000 (Coordinated Universal Time),Fri Jun 07 2024 19:01:57 GMT+0000 (Coordinated Universal Time),Fri Jun 07 2024 19:02:39 GMT+0000 (Coordinated Universal Time),Jīvitindriya,Jīvitendriya,
Lightness,lightness,66634eed9601e559555f45f7,653aca94fee370592ef53f08,66635920bdf04ada700ab8fd,false,false,Fri Jun 07 2024 19:01:52 GMT+0000 (Coordinated Universal Time),Fri Jun 07 2024 19:01:52 GMT+0000 (Coordinated Universal Time),Fri Jun 07 2024 19:02:39 GMT+0000 (Coordinated Universal Time),Lahutā,Lāghava,
Loving-Kindness,loving-kindness,66634eed9601e559555f45f7,653aca94fee370592ef53f08,666359202f4519ccb24a5ea3,false,false,Fri Jun 07 2024 19:01:52 GMT+0000 (Coordinated Universal Time),Fri Jun 07 2024 19:01:52 GMT+0000 (Coordinated Universal Time),Fri Jun 07 2024 19:02:39 GMT+0000 (Coordinated Universal Time),Mettā,Maitrī,
Luminous Mind,luminous-mind,66634eed9601e559555f45f7,653aca94fee370592ef53f08,6663592accbf3b3b557c07d8,false,false,Fri Jun 07 2024 19:02:02 GMT+0000 (Coordinated Universal Time),Fri Jun 07 2024 19:02:02 GMT+0000 (Coordinated Universal Time),Fri Jun 07 2024 19:02:39 GMT+0000 (Coordinated Universal Time),Pabhassara Citta,Prabhāsvara Citta,
Malleability,malleability,66634eed9601e559555f45f7,653aca94fee370592ef53f08,66635920724afca0a36e0564,false,false,Fri Jun 07 2024 19:01:52 GMT+0000 (Coordinated Universal Time),Fri Jun 07 2024 19:01:52 GMT+0000 (Coordinated Universal Time),Fri Jun 07 2024 19:02:39 GMT+0000 (Coordinated Universal Time),Mudutā,Mṛdutā,
Mental Proliferation,mental-proliferation,66634eed9601e559555f45f7,653aca94fee370592ef53f08,66635925724afca0a36e08a5,false,false,Fri Jun 07 2024 19:01:57 GMT+0000 (Coordinated Universal Time),Fri Jun 07 2024 19:01:57 GMT+0000 (Coordinated Universal Time),Fri Jun 07 2024 19:02:39 GMT+0000 (Coordinated Universal Time),Papañca,Prapañca,
Mind,mind,66634eed9601e559555f45f7,653aca94fee370592ef53f08,66635925deb9df87d387b7d6,false,false,Fri Jun 07 2024 19:01:57 GMT+0000 (Coordinated Universal Time),Fri Jun 07 2024 19:01:57 GMT+0000 (Coordinated Universal Time),Fri Jun 07 2024 19:02:39 GMT+0000 (Coordinated Universal Time),Citta,Citta,
Mind & Form,mind-form,66634eed9601e559555f45f7,653aca94fee370592ef53f08,666359254a9e25f8d5270165,false,false,Fri Jun 07 2024 19:01:57 GMT+0000 (Coordinated Universal Time),Fri Jun 07 2024 19:01:57 GMT+0000 (Coordinated Universal Time),Fri Jun 07 2024 19:02:39 GMT+0000 (Coordinated Universal Time),Nāma-Rūpa,Nāma-Rūpa,
Mind consciousness,mind-consciousness,66634eed9601e559555f45f7,653aca94fee370592ef53f08,66635926ddb0384d2a46fdef,false,false,Fri Jun 07 2024 19:01:58 GMT+0000 (Coordinated Universal Time),Fri Jun 07 2024 19:01:58 GMT+0000 (Coordinated Universal Time),Fri Jun 07 2024 19:02:39 GMT+0000 (Coordinated Universal Time),Mano-Viññāṇa,Mano-Vijñāna,
Mindful,mindful,66634eed9601e559555f45f7,653aca94fee370592ef53f08,666359285c82492024e3b5cc,false,false,Fri Jun 07 2024 19:02:00 GMT+0000 (Coordinated Universal Time),Fri Jun 07 2024 19:02:00 GMT+0000 (Coordinated Universal Time),Fri Jun 07 2024 19:02:39 GMT+0000 (Coordinated Universal Time),Sati,Smṛti,
Mindfulness,mindfulness,66634eed9601e559555f45f7,653aca94fee370592ef53f08,666359201e3bbb4ff00d76db,false,false,Fri Jun 07 2024 19:01:52 GMT+0000 (Coordinated Universal Time),Fri Jun 07 2024 19:01:52 GMT+0000 (Coordinated Universal Time),Fri Jun 07 2024 19:02:39 GMT+0000 (Coordinated Universal Time),Sati,Smṛti,
Non-Aversion,non-aversion,66634eed9601e559555f45f7,653aca94fee370592ef53f08,66635920ddb0384d2a46f71f,false,false,Fri Jun 07 2024 19:01:52 GMT+0000 (Coordinated Universal Time),Fri Jun 07 2024 19:01:52 GMT+0000 (Coordinated Universal Time),Fri Jun 07 2024 19:02:39 GMT+0000 (Coordinated Universal Time),Adosa,Adveṣa,
Non-greed,non-greed,66634eed9601e559555f45f7,653aca94fee370592ef53f08,66635920266409e3feb8d3ac,false,false,Fri Jun 07 2024 19:01:52 GMT+0000 (Coordinated Universal Time),Fri Jun 07 2024 19:01:52 GMT+0000 (Coordinated Universal Time),Fri Jun 07 2024 19:02:39 GMT+0000 (Coordinated Universal Time),Alobha,Alobha,
Not-Self,not-self,66634eed9601e559555f45f7,653aca94fee370592ef53f08,6663592ae7611ac123ba667a,false,false,Fri Jun 07 2024 19:02:02 GMT+0000 (Coordinated Universal Time),Fri Jun 07 2024 19:02:02 GMT+0000 (Coordinated Universal Time),Fri Jun 07 2024 19:02:39 GMT+0000 (Coordinated Universal Time),Anattā,Anātman,
One-pointedness,one-pointedness,66634eed9601e559555f45f7,653aca94fee370592ef53f08,6663592e344c04c58f0ef8f7,false,false,Fri Jun 07 2024 19:02:06 GMT+0000 (Coordinated Universal Time),Fri Jun 07 2024 19:02:06 GMT+0000 (Coordinated Universal Time),Fri Jun 07 2024 19:02:39 GMT+0000 (Coordinated Universal Time),Ekaggatā,Ekāgratā,
Patience,patience,66634eed9601e559555f45f7,653aca94fee370592ef53f08,66635920bdf04ada700ab95d,false,false,Fri Jun 07 2024 19:01:52 GMT+0000 (Coordinated Universal Time),Fri Jun 07 2024 19:01:52 GMT+0000 (Coordinated Universal Time),Fri Jun 07 2024 19:02:39 GMT+0000 (Coordinated Universal Time),Khanti,Kṣānti,
Perception,perception,66634eed9601e559555f45f7,653aca94fee370592ef53f08,6663592629cdb02d28fbd07c,false,false,Fri Jun 07 2024 19:01:58 GMT+0000 (Coordinated Universal Time),Fri Jun 07 2024 19:01:58 GMT+0000 (Coordinated Universal Time),Fri Jun 07 2024 19:02:39 GMT+0000 (Coordinated Universal Time),Saññā,Saṃjñā,
Proficiency,proficiency,66634eed9601e559555f45f7,653aca94fee370592ef53f08,666359209fe35cfa5a647007,false,false,Fri Jun 07 2024 19:01:52 GMT+0000 (Coordinated Universal Time),Fri Jun 07 2024 19:01:52 GMT+0000 (Coordinated Universal Time),Fri Jun 07 2024 19:02:39 GMT+0000 (Coordinated Universal Time),Pāguññatā,Pāṭava,
Rectitude,rectitude,66634eed9601e559555f45f7,653aca94fee370592ef53f08,666359215cbd3f84c64f4a7c,false,false,Fri Jun 07 2024 19:01:53 GMT+0000 (Coordinated Universal Time),Fri Jun 07 2024 19:01:53 GMT+0000 (Coordinated Universal Time),Fri Jun 07 2024 19:02:39 GMT+0000 (Coordinated Universal Time),Ujukatā,Ūrjitatā,
Restlessness,restlessness,66634eed9601e559555f45f7,653aca94fee370592ef53f08,66635921d4cc688330469603,false,false,Fri Jun 07 2024 19:01:53 GMT+0000 (Coordinated Universal Time),Fri Jun 07 2024 19:01:53 GMT+0000 (Coordinated Universal Time),Fri Jun 07 2024 19:02:39 GMT+0000 (Coordinated Universal Time),Uddhacca,Auddhatya,
Right Action,right-action,66634eed9601e559555f45f7,653aca94fee370592ef53f08,6663591dba38f13a21553c88,false,false,Fri Jun 07 2024 19:01:49 GMT+0000 (Coordinated Universal Time),Fri Jun 07 2024 19:01:49 GMT+0000 (Coordinated Universal Time),Fri Jun 07 2024 19:02:39 GMT+0000 (Coordinated Universal Time),Sammā Kammanta,Samyak-Karma,
Right Concentration,right-concentration,66634eed9601e559555f45f7,653aca94fee370592ef53f08,6663591e7cb60a0c89ea9bc5,false,false,Fri Jun 07 2024 19:01:50 GMT+0000 (Coordinated Universal Time),Fri Jun 07 2024 19:01:50 GMT+0000 (Coordinated Universal Time),Fri Jun 07 2024 19:02:39 GMT+0000 (Coordinated Universal Time),Sammā-Samādhi,Samyak-Samādhi,
Right Effort,right-effort,66634eed9601e559555f45f7,653aca94fee370592ef53f08,6663591dd29a9c2efae9a9c0,false,false,Fri Jun 07 2024 19:01:49 GMT+0000 (Coordinated Universal Time),Fri Jun 07 2024 19:01:49 GMT+0000 (Coordinated Universal Time),Fri Jun 07 2024 19:02:39 GMT+0000 (Coordinated Universal Time),Sammā-Vāyāma,Samyak-Vyāyāma,
Right Intention,right-intention,66634eed9601e559555f45f7,653aca94fee370592ef53f08,6663591dfa8b3caaed25a936,false,false,Fri Jun 07 2024 19:01:49 GMT+0000 (Coordinated Universal Time),Fri Jun 07 2024 19:01:49 GMT+0000 (Coordinated Universal Time),Fri Jun 07 2024 19:02:39 GMT+0000 (Coordinated Universal Time),Sammā Saṅkappa,Samyak-Saṃkalpa,
Right Lifestyle,right-lifestyle,66634eed9601e559555f45f7,653aca94fee370592ef53f08,6663591dccbf3b3b557bfc71,false,false,Fri Jun 07 2024 19:01:49 GMT+0000 (Coordinated Universal Time),Fri Jun 07 2024 19:01:49 GMT+0000 (Coordinated Universal Time),Fri Jun 07 2024 19:02:39 GMT+0000 (Coordinated Universal Time),Sammā-Ājīva,Samyak-Ājīva,
Right Mindfulness,right-mindfulness,66634eed9601e559555f45f7,653aca94fee370592ef53f08,6663591d64fb23eb715c4678,false,false,Fri Jun 07 2024 19:01:49 GMT+0000 (Coordinated Universal Time),Fri Jun 07 2024 19:01:49 GMT+0000 (Coordinated Universal Time),Fri Jun 07 2024 19:02:39 GMT+0000 (Coordinated Universal Time),Sammā-Sati,Samyak-Smṛti,
Right Speech,right-speech,66634eed9601e559555f45f7,653aca94fee370592ef53f08,6663591d1e3bbb4ff00d73c2,false,false,Fri Jun 07 2024 19:01:49 GMT+0000 (Coordinated Universal Time),Fri Jun 07 2024 19:01:49 GMT+0000 (Coordinated Universal Time),Fri Jun 07 2024 19:02:39 GMT+0000 (Coordinated Universal Time),Sammāvācā,Samyag-Vāk,
Right View,right-view,66634eed9601e559555f45f7,653aca94fee370592ef53f08,6663591c09c4963f1cde501f,false,false,Fri Jun 07 2024 19:01:48 GMT+0000 (Coordinated Universal Time),Fri Jun 07 2024 19:01:48 GMT+0000 (Coordinated Universal Time),Fri Jun 07 2024 19:02:39 GMT+0000 (Coordinated Universal Time),Sammā Diṭṭhi,Samyag-Dṛṣṭi,
Sangha,sangha,66634eed9601e559555f45f7,653aca94fee370592ef53f08,6663591c455a7173a6c7fc5c,false,false,Fri Jun 07 2024 19:01:48 GMT+0000 (Coordinated Universal Time),Fri Jun 07 2024 19:01:48 GMT+0000 (Coordinated Universal Time),Fri Jun 07 2024 19:02:39 GMT+0000 (Coordinated Universal Time),Saṅgha,Saṅgha,
Shame / Modesty,shame-modesty,66634eed9601e559555f45f7,653aca94fee370592ef53f08,66635920266409e3feb8d42e,false,false,Fri Jun 07 2024 19:01:52 GMT+0000 (Coordinated Universal Time),Fri Jun 07 2024 19:01:52 GMT+0000 (Coordinated Universal Time),Fri Jun 07 2024 19:02:39 GMT+0000 (Coordinated Universal Time),Hiri,Hrī,
Shamelessness,shamelessness,66634eed9601e559555f45f7,653aca94fee370592ef53f08,66635921ecf1d4bffdb5c519,false,false,Fri Jun 07 2024 19:01:53 GMT+0000 (Coordinated Universal Time),Fri Jun 07 2024 19:01:53 GMT+0000 (Coordinated Universal Time),Fri Jun 07 2024 19:02:39 GMT+0000 (Coordinated Universal Time),Ahirika,Ahṛkā,
Six-Senses & Objects,six-senses-objects,66634eed9601e559555f45f7,653aca94fee370592ef53f08,666359265dd48ab804ef8d88,false,false,Fri Jun 07 2024 19:01:58 GMT+0000 (Coordinated Universal Time),Fri Jun 07 2024 19:01:58 GMT+0000 (Coordinated Universal Time),Fri Jun 07 2024 19:02:39 GMT+0000 (Coordinated Universal Time),Saḷāyatana,Ṣaḍāyatana,
Sloth,sloth,66634eed9601e559555f45f7,653aca94fee370592ef53f08,66635923b2d3d56a1d06aea2,false,false,Fri Jun 07 2024 19:01:55 GMT+0000 (Coordinated Universal Time),Fri Jun 07 2024 19:01:55 GMT+0000 (Coordinated Universal Time),Fri Jun 07 2024 19:02:39 GMT+0000 (Coordinated Universal Time),Thīna,Styāna,
Spiritual Urgency,spiritual-urgency,66634eed9601e559555f45f7,653aca94fee370592ef53f08,6663592091daa80855ec0544,false,false,Fri Jun 07 2024 19:01:52 GMT+0000 (Coordinated Universal Time),Fri Jun 07 2024 19:01:52 GMT+0000 (Coordinated Universal Time),Fri Jun 07 2024 19:02:39 GMT+0000 (Coordinated Universal Time),Saṃvega,Saṃvega,
Storehouse Consciousness,storehouse-consciousness,66634eed9601e559555f45f7,653aca94fee370592ef53f08,66635926ec50b3586e566219,false,false,Fri Jun 07 2024 19:01:58 GMT+0000 (Coordinated Universal Time),Fri Jun 07 2024 19:01:58 GMT+0000 (Coordinated Universal Time),Fri Jun 07 2024 19:02:39 GMT+0000 (Coordinated Universal Time),Ālaya-Viññāṇa,Ālaya-Vijñāna,
Sustained thought,sustained-thought,66634eed9601e559555f45f7,653aca94fee370592ef53f08,666359261838cf5eb4836ddf,false,false,Fri Jun 07 2024 19:01:58 GMT+0000 (Coordinated Universal Time),Fri Jun 07 2024 19:01:58 GMT+0000 (Coordinated Universal Time),Fri Jun 07 2024 19:02:39 GMT+0000 (Coordinated Universal Time),Vicāra,Vicāra,
Torpor,torpor,66634eed9601e559555f45f7,653aca94fee370592ef53f08,6663592306635412da547802,false,false,Fri Jun 07 2024 19:01:55 GMT+0000 (Coordinated Universal Time),Fri Jun 07 2024 19:01:55 GMT+0000 (Coordinated Universal Time),Fri Jun 07 2024 19:02:39 GMT+0000 (Coordinated Universal Time),Middha,Middha,
Tranquility,tranquility,66634eed9601e559555f45f7,653aca94fee370592ef53f08,66635921724afca0a36e0667,false,false,Fri Jun 07 2024 19:01:53 GMT+0000 (Coordinated Universal Time),Fri Jun 07 2024 19:01:53 GMT+0000 (Coordinated Universal Time),Fri Jun 07 2024 19:02:39 GMT+0000 (Coordinated Universal Time),Passaddhi,Praśrabdhi,
True Nature,true-nature,66634eed9601e559555f45f7,653aca94fee370592ef53f08,66635926ccbf3b3b557c0277,false,false,Fri Jun 07 2024 19:01:58 GMT+0000 (Coordinated Universal Time),Fri Jun 07 2024 19:01:58 GMT+0000 (Coordinated Universal Time),Fri Jun 07 2024 19:02:39 GMT+0000 (Coordinated Universal Time),Parinibbāna-Sabhāva,Pariniṣpanna-Svabhāva,
Truthfulness,truthfulness,66634eed9601e559555f45f7,653aca94fee370592ef53f08,666359211de0aeba878cf35c,false,false,Fri Jun 07 2024 19:01:53 GMT+0000 (Coordinated Universal Time),Fri Jun 07 2024 19:01:53 GMT+0000 (Coordinated Universal Time),Fri Jun 07 2024 19:02:39 GMT+0000 (Coordinated Universal Time),Sacca,Satya,
Volition / Intention,volition-intention,66634eed9601e559555f45f7,653aca94fee370592ef53f08,66635927822c2931d3a8cb41,false,false,Fri Jun 07 2024 19:01:59 GMT+0000 (Coordinated Universal Time),Fri Jun 07 2024 19:01:59 GMT+0000 (Coordinated Universal Time),Fri Jun 07 2024 19:02:39 GMT+0000 (Coordinated Universal Time),Cetanā,Cetana,
Well-being for Self and Others,well-being-for-self-and-others,66634eed9601e559555f45f7,653aca94fee370592ef53f08,6663591eb2d3d56a1d06a9a9,false,false,Fri Jun 07 2024 19:01:50 GMT+0000 (Coordinated Universal Time),Fri Jun 07 2024 19:01:50 GMT+0000 (Coordinated Universal Time),Fri Jun 07 2024 19:02:39 GMT+0000 (Coordinated Universal Time),Sukhāya Hitāya Attano,Sukhāya Hitāya Ātmanaḥ,
Wieldiness,wieldiness,66634eed9601e559555f45f7,653aca94fee370592ef53f08,666359211838cf5eb48369b3,false,false,Fri Jun 07 2024 19:01:53 GMT+0000 (Coordinated Universal Time),Fri Jun 07 2024 19:01:53 GMT+0000 (Coordinated Universal Time),Fri Jun 07 2024 19:02:39 GMT+0000 (Coordinated Universal Time),Kammaññatā,Karmanya,
Wisdom,wisdom,66634eed9601e559555f45f7,653aca94fee370592ef53f08,66635921f6182cf6f2a1cb76,false,false,Fri Jun 07 2024 19:01:53 GMT+0000 (Coordinated Universal Time),Fri Jun 07 2024 19:01:53 GMT+0000 (Coordinated Universal Time),Fri Jun 07 2024 19:02:39 GMT+0000 (Coordinated Universal Time),Paññā,Prajñā,
Worry / Regret,worry-regret,66634eed9601e559555f45f7,653aca94fee370592ef53f08,66635922d13cf172746cca50,false,false,Fri Jun 07 2024 19:01:54 GMT+0000 (Coordinated Universal Time),Fri Jun 07 2024 19:01:54 GMT+0000 (Coordinated Universal Time),Fri Jun 07 2024 19:02:39 GMT+0000 (Coordinated Universal Time),Kukkucca,Kaukritya,
Wrong View,wrong-view,66634eed9601e559555f45f7,653aca94fee370592ef53f08,666359229cdb2b3ec46c8dcd,false,false,Fri Jun 07 2024 19:01:54 GMT+0000 (Coordinated Universal Time),Fri Jun 07 2024 19:01:54 GMT+0000 (Coordinated Universal Time),Fri Jun 07 2024 19:02:39 GMT+0000 (Coordinated Universal Time),Diṭṭhi,Dṛṣṭi,
